<?xml version="1.0" encoding="UTF-8" standalone="yes"?>
<addon id="repository.nexustv" name="[COLOR yellow]nexustv Repository[/COLOR]" version="1.4" provider-name="">
    <extension point="xbmc.addon.repository" name="nexustv Repository">
        <info compressed="false">http://mayfairguides.net/resellers/nexustv/git/addons.xml</info>
        <checksum>http://mayfairguides.net/resellers/nexustv/git/addons.xml.md5</checksum>
        <datadir zip="true">http://mayfairguides.net/resellers/nexustv/git/zips/</datadir>
    </extension>
    <extension point="xbmc.addon.metadata">
        <summary>nexustv Repository</summary>
        <description>The nexustv repository.</description>
        <platform>all</platform>
    </extension>
</addon>
